ID,Name,Email Address,Phone Number
0,Aarti Singh,aarti@gmail.com,8136547369
1,Abbas ali,mdabbas@howard-phillips.com,9234895509
2,Abha agarwal,abha@reed-cooper.com,006-59544683
3,Rohan gupta,rohangupta@yahoo.com,032-83927371
4,Shweta shukla,upotter@rocha.com,6476599966
5,Roshan singh,roshan@fields-dunn.com,+91 2278527500
6,vaibhav agarwal,vaibhav@barrett-walls.biz,016-32919765
7,rahul pandey,rahulpn@lewis-norton.com,06661 726406
8,Amit Yadav,amityadav@yahoo.com,+91 4038722597
9,Sahyog saini,sahyog@mendez.com,988614703
10,Harshit Teotia,me_mechanical@gmail.com,+91 4363911399
11,Muskan Shrivastava,musku@yahoo.com,+91 5738811347
12,Ravaishmi gupta,ravaishmi@hotmail.com,057-38982921
13,Dheeraj singh,dheeraj@king.info,+91 5642364844
14,Yash Singhal,yash@edwards.com,02358 263756
15,Pratyush Priyansh,pratryushbanarasi@thompson.com,+91 445 4591427
16,Avinash kumar,avinash@hotmail.com,+91 285 8447269
17,Sudhir Singh,sksingh@hotmail.com,006-04072412
18,Faraz chisti,faraz@yahoo.com,+91 400 3321675
19,Vishakha gupta,vishu@gmail.com,07386 061887
20,Anmol gupta,anmolgupta@morris.com,084-35154621
21,Sarthak mishra,sarthak@soto.com,056-99163029
22,Abhijeet shukla,abhijeet@roach-hansen.com,+91 011 4546268
23,Raghav ,raghav@hotmail.com,4190417028
24,Tanmay kapil,tanmayme@cross-sparks.com,+91 1489676371
25,Sonika singh,sonikasingh@yahoo.com,+91 013 5390693
